<?xml version="1.0" encoding="UTF-8"?>
<project-private xmlns="http://www.netbeans.org/ns/project-private/1">
    <editor-bookmarks xmlns="http://www.netbeans.org/ns/editor-bookmarks/2" lastBookmarkId="0"/>
    <open-files xmlns="http://www.netbeans.org/ns/projectui-open-files/2">
        <group>
            <file>file:/C:/Users/user/Documents/NetBeansProjects/OOP%20Assignment/sfeedback.txt</file>
            <file>file:/C:/Users/user/Documents/NetBeansProjects/OOP%20Assignment/src/Lecturer/FeedbackSent.java</file>
            <file>file:/C:/Users/user/Documents/NetBeansProjects/OOP%20Assignment/src/Student/Feedback.java</file>
            <file>file:/C:/Users/user/Documents/NetBeansProjects/OOP%20Assignment/lfeedback.txt</file>
            <file>file:/C:/Users/user/Documents/NetBeansProjects/OOP%20Assignment/src/Lecturer/FeedbackReceived.java</file>
            <file>file:/C:/Users/user/Documents/NetBeansProjects/OOP%20Assignment/src/Student/FeedbackReceived.java</file>
            <file>file:/C:/Users/user/Documents/NetBeansProjects/OOP%20Assignment/src/Student/FeedbackSent.java</file>
        </group>
    </open-files>
</project-private>
